time,temperature,vibration,pressure,rpm,RUL,failure
0,62.483570765056164,0.9852355095063283,5.699677718293001,1577.8361076166639,100,0
1,59.35867849414407,1.1918833280940262,5.462316841456384,1444.5814283671466,99,0
2,63.33844269050346,0.5402864852361717,5.029815184960087,1417.5801116577693,98,0
3,67.76514928204013,0.9425938473381142,4.6765316111472135,1498.7625542589046,97,0
4,59.029233126383325,0.7098714861756347,5.349111656806795,1481.7815377475072,96,0
5,59.0793152152541,0.7525749232470609,5.196742692710875,1453.1771950672726,95,0
6,68.19606407753696,0.7415212151522261,5.447596610013866,1567.8387447456716,94,0
7,64.18717364576455,0.6972018460640368,5.317585900840985,1593.430520857051,93,0
8,58.05262807032524,0.8897043255889654,5.524776357659667,1506.4406886291847,92,0
9,63.16280021792983,0.7238099767177925,4.732382394219716,1645.053008105526,91,0
10,58.18291153593769,0.9540913651559678,5.658697032817162,1382.8310885866495,90,0
11,58.22135123214871,0.8999523781101726,5.0987998023462,1477.3340540720283,89,0
12,61.80981135783017,0.8722103906267181,6.037630436312632,1424.7177679397196,88,0
13,51.08359877671101,0.7484872675916805,4.655406090955216,1309.446338292694,87,0
14,52.07541083743484,0.8246457338863334,5.867981901582625,1487.53193141573,86,0
15,57.938562353795135,1.1010782451651513,5.098955391731324,1483.3252491616715,85,0
16,55.73584439832788,1.0601834375248762,4.674290998192776,1646.5449743242132,84,0
17,62.42123666297637,0.7744889510402898,4.758057082972839,1557.981168455478,83,0
18,56.35987962239394,0.9998664610858452,4.83982634590284,1392.1813175670795,82,0
19,53.888481493323546,1.1402774246743579,5.212082973200959,1679.7092566334188,81,0
20,68.32824384460777,0.6661189437757257,5.261417744017749,1616.1033695525352,80,0
21,59.92111849756732,1.1186720384759872,4.71314999803071,1551.9097703468617,79,0
22,61.43764102343962,0.8874752482108307,4.987822703869509,1470.7515901150168,78,0
23,54.02625906893272,1.144119733718632,6.071135179305932,1397.156076327652,77,0
24,58.47808637737409,0.8873481686914967,5.863771585050356,1455.5793223928947,76,0
25,61.804612948549334,0.6890235798670963,5.218161834837016,1601.3748619704186,75,0
26,55.545032112888485,0.7344915124233675,5.0190017390841,1680.6586305934609,74,0
27,63.22849009172836,1.0796169893322765,5.06001566335913,1646.224352827219,73,0
28,58.39680655040598,1.1319445003442965,5.3067589863652085,1442.7150578213725,72,0
29,59.99153125103362,0.9091366749791183,4.488603717400797,1379.3382566710989,71,0
30,58.491466938853016,1.2277184917554749,4.871311731288327,1505.0886246911205,70,0
31,70.81139092254469,0.7776959875462081,4.165707963061205,1313.856063443715,69,0
32,61.53251387631033,1.1067840402705367,5.19961156130264,1522.7167714184782,68,0
33,56.361445355220496,0.8877967600475087,5.32359796985137,1475.339741370133,67,0
34,65.81272456051595,1.0096327784395682,4.758406768850313,1443.1963498131756,66,0
35,55.64578175014489,1.159479734263283,5.786993381645017,1330.0296932733204,65,0
36,62.84431797502378,0.9879173269432096,4.387117168498829,1540.5600106569716,64,0
37,52.05164938060113,1.0930888911540348,4.26781255989509,1435.629916033809,63,0
38,55.259069755507845,1.381258561842888,5.112225909279986,1371.6083164289712,62,0
39,62.93430617934562,1.0746216260953703,5.523549151306077,1201.073778671835,61,0
40,65.69233289997706,1.3671384224130283,5.841963845728935,1485.2485094949363,60,0
41,62.90684140594985,0.9840586290684764,4.77055786856553,1664.9251596669744,59,0
42,61.5217585880588,1.3259608355830566,5.539340416715648,1653.525921454787,58,0
43,60.64448152205355,1.51831372413158,4.9807457652496465,1441.3903743413728,57,0
44,54.807390048162866,0.7456710999745422,4.91368635002959,1426.578793963822,56,0
45,58.65077895802646,1.0906209489059047,5.4418299687433365,1533.3774256075023,55,0
46,59.99680614520106,1.375414425436108,5.32616143920671,1386.361456081171,54,0
47,67.63561113109458,1.2293909227914015,4.211803921507875,1516.0791899819467,53,0
48,64.1180914478423,1.3542291746742618,5.738270174862948,1562.208027838469,52,0
49,53.634799223186334,1.1692029626568359,5.6900456770737255,1607.9933223884307,51,0
50,64.12041984697397,1.3173179574945801,4.687218649245235,1474.9845923520047,50,0
51,60.62458859791842,1.278864552921584,5.197901766718704,1464.3326249823035,49,0
52,59.21538999847021,1.5535564123319616,5.2470150931413695,1396.601741324344,48,0
53,65.70838144420433,1.3808841686602427,5.130336882911953,1401.4119645960138,47,0
54,67.85499761247976,1.4075205324150404,4.72484742307729,1461.1521108098473,46,0
55,67.40640059558099,1.2676246067755066,4.664188316030974,1520.2365506816177,45,0
56,58.60391238388681,1.2624787551855015,4.987222964504277,1574.5584626233249,44,0
57,61.30393812074393,1.283488362436076,5.586364509629682,1402.5821049319657,43,0
58,64.55631715701782,1.4588904284756594,5.2718000772972164,1631.8688568959521,42,0
59,67.8277256356118,1.3058031038359474,4.814692833956947,1455.1876398957431,41,0
60,60.60412881077355,1.4579549713792828,5.385849355324172,1479.8632705651564,40,0
61,62.121705116680914,1.825080159729088,3.5757286896849623,1406.9788320852176,39,0
62,57.56832512996986,1.5942249406863387,5.574382850186051,1238.975973972706,38,0
63,57.168966879596645,1.3647952935664318,4.13014311061095,1569.504539636105,37,0
64,67.262629111971,1.6802427844327892,4.818779529298434,1554.4843897092433,36,0
65,70.03120014285412,1.3683849253956897,4.440165052686928,1452.3672442881787,35,0
66,62.93994939209833,1.0523750929644293,4.3526592621395475,1486.8990717224872,34,0
67,68.36766448946011,1.2683827378165193,5.58041339368926,1531.49392177041,33,0
68,65.20818012523817,1.105841615794829,4.766149399344054,1323.3454143113456,32,0
69,60.22440122697438,1.4196973031917384,5.173251940865358,1426.3947322653705,31,0
70,65.30697802754207,1.5036836758379104,4.976539710560408,1558.4264679621826,30,0
71,71.24018283232984,1.8452874624550566,5.23852041361156,1353.271057683075,29,0
72,63.42086980445024,1.5853854747528326,5.038410945530128,1507.755793216663,28,0
73,71.47321827907004,1.4861798942382272,4.358503887905715,1342.4418195376593,27,0
74,50.60127447955128,1.7058811162366978,5.49813340972357,1524.4429982433526,26,0
75,67.85951252187611,1.107772938198423,4.753121708419344,1473.9358517702517,25,0
76,64.23523534119086,1.6071229116217132,4.221709050670125,1315.6868184094492,24,0
77,62.35496324767066,1.7241730387773935,4.785942419517044,1593.3739354457173,23,0
78,64.35880388267752,1.2842827508440318,5.750379895317155,1403.140842320195,22,0
79,54.01215542699554,1.818750808641386,5.425110871056747,1395.274756298562,21,0
80,62.90164056081244,1.667699281498883,4.825673932796071,1496.0569197230943,20,0
81,65.83556285755873,1.5269424172198398,4.8253711478407855,1590.5637349428716,19,0
82,71.48947022370757,1.746556373221257,4.8391824743913086,1373.8178181021603,18,0
83,61.55864890863176,2.0841385715608793,6.0383739917804204,1481.267984984797,17,0
84,60.157531985534064,1.676373251011699,5.190967726115777,1517.6816500330572,16,0
85,61.741214782077314,1.6996441172600671,5.215020823595535,1543.8105607263144,15,0
86,68.87701058851037,1.5681278200919513,5.515141727015921,1491.8441555277225,14,0
87,65.99375554829842,1.5000311261070416,5.119394579513257,1437.1972160916678,13,0
88,61.751198981164805,1.8460671633088492,4.870478927089648,1390.840977935128,12,0
89,67.01633716556678,1.5187832348182266,4.901825075457511,1481.9143883046374,11,0
90,64.9853877467402,1.7143132474438785,4.964199370292968,1365.7860988014393,10,0
91,69.39322495266444,1.6144685106469767,4.9813888817450795,1180.5649516505393,9,1
92,61.08973453061324,1.8157959651492783,5.36381477181849,1516.055980415767,8,1
93,63.01168926701116,1.7967324210573898,5.02597294290365,1562.4934841086194,7,1
94,62.739459234339215,1.94750798885158,5.36632003860779,1235.506756445816,6,1
95,57.43242525933941,1.6479967202290506,4.959641709945709,1370.5269295290063,5,1
96,66.28060138532288,1.7060250129413257,5.039317595158045,1533.11542610052,4,1
97,66.15527636089945,1.5742472568435386,4.000899657733946,1676.64954697117,3,1
98,64.9255672832123,1.6911413479847777,5.458163837351241,1472.6793707675406,2,1
99,63.777064333124265,1.8654600986089704,5.173244237948996,1397.4997058770866,1,1
100,57.923146289747926,1.9513977233290705,5.499005054929826,1451.710355889516,0,1
101,62.946773386173206,1.6255669351644748,3.551872310903155,1607.1876419148186,0,1
102,63.38642741736616,1.9939211840211322,6.044187352390364,1404.8035820875466,0,1
103,61.1386136538919,2.1011275717609905,4.930205185922413,1389.1807993349746,0,1
104,64.39357144166995,1.9226869806447402,5.554091408368758,1420.5256477817968,0,1
105,67.27025428407269,2.225359162511613,4.4800470364372345,1373.1671391741288,0,1
106,74.73092950605265,1.7052421601792855,5.306386952531285,1480.4670315994797,0,1
107,66.22288906415919,1.6210690593377168,4.473292218413172,1630.3678458469562,0,1
108,66.68775195361383,1.5242559502191444,4.688115519652097,1499.9079273116029,0,1
109,65.07777042116916,2.1892088622978365,5.957015676933393,1442.064649787371,0,1
110,55.90614392350479,2.0308731312708117,4.904658799618327,1437.8188731084456,0,1
111,65.41743062275391,1.898883065817909,5.108716436589861,1310.3809191303344,0,1
112,65.90115104970513,1.9759937252639643,5.435033865344377,1554.710977714716,0,1
113,77.96621056242644,1.704902190540325,5.2478409439863025,1458.3162802987197,0,1
114,64.7381951760944,2.4291503959233656,5.075209452571788,1447.7520086409374,0,1
115,67.25773671166806,1.9758442363950457,5.182480501233113,1784.810756784486,0,1
116,65.62644115147378,1.9818789589209787,6.201707792619137,1495.0752908365687,0,1
117,60.006609811902344,2.1151533247797385,4.971190601483207,1389.7208949904816,0,1
118,71.6141140725751,2.0762018463473426,5.100549523357484,1421.9642403794455,0,1
119,69.70966516343387,2.0347768048558263,5.525327198003806,1579.1445709196755,0,1
120,69.95515973521523,1.8419051089109377,5.552762966478992,1475.3270410537764,0,1
121,61.5030627260263,2.1042936714271994,5.59351515278019,1319.8722021682634,0,1
122,73.11397155468049,2.396404899295007,5.3193651110145925,1555.3228934575204,0,1
123,59.140744686038595,2.2990840092309957,4.428497543634759,1396.2855914461006,0,1
124,69.13428546900136,2.358637325327879,5.816715766150548,1650.1297776217546,0,1
125,77.20227812904989,1.9477568647137629,4.426827303490656,1570.5048065714648,0,1
126,61.34731837434656,1.862079035948284,5.151317732619517,1417.4678104341249,0,1
127,63.51851135198614,2.0448426159800706,4.622862074990321,1590.0016361735113,0,1
128,66.89825682543821,2.091144982457739,4.967930826703504,1468.3855510527403,0,1
129,63.932621729419004,2.3088383036941895,5.164381205151741,1546.5773675122218,0,1
130,58.74668284466934,1.7615070740570362,5.160678607725137,1509.4732817294475,0,1
131,66.89281487403014,2.415910063892123,5.210960377117642,1376.0643345009128,0,1
132,61.288481431369476,2.0883984202842023,5.806855634529324,1396.0450167682538,0,1
133,69.01796215317592,2.044623786010516,5.22676715075699,1563.096081758116,0,1
134,62.10287882883099,1.9375791249479666,4.877921682354676,1426.3224667893458,0,1
135,74.4996720250877,1.8190286656268462,5.482043584144178,1419.1351536758004,0,1
136,62.88373353831882,2.324634116792383,5.594735244462321,1363.6877420650646,0,1
137,65.23969241897161,2.184663593437681,4.386196092431504,1501.2599065593463,0,1
138,70.96758608684836,1.9220078200517894,5.298700034924929,1664.8524919243143,0,1
139,60.795678417830224,1.930984245587277,5.350586371155449,1351.5467085745727,0,1
140,68.13729967302065,2.1328430601419743,4.851218248320004,1460.4219456672758,0,1
141,73.58571377141213,2.5438043050578782,5.68785340665581,1598.922055541543,0,1
142,59.06258382719386,2.168081729727279,4.924972206483736,1449.4358608754285,0,1
143,68.07316929266152,1.9293714093763787,5.062788226735771,1502.3371796249733,0,1
144,68.49941397124212,2.190851387182811,4.913464087858065,1350.560647185312,0,1
145,71.15911435888655,2.195455286050466,5.007789523790734,1499.3307097207648,0,1
146,61.115246445609586,1.7206226714116857,4.451862456552399,1437.4855734995451,0,1
147,60.74771693457862,2.2591410266964376,4.279974558702853,1554.4729995679863,0,1
148,70.00970782808449,2.2338130939582643,5.797252531612486,1574.338605156475,0,1
149,68.93492336616593,2.4292412729626838,4.576519325840836,1714.2563642018613,0,1
150,68.75246425172938,2.669791218989069,4.504303825271847,1512.9633173213576,0,1
151,69.28224104748487,2.5353130059095514,3.9233049431981426,1487.2796316582167,0,1
152,64.19987639210754,2.266222261889034,4.680519126155249,1473.8384301577337,0,1
153,68.81126848580502,2.1086948182516663,4.338455103296251,1418.783370718931,0,1
154,69.16536236649341,2.854671960649972,5.821007580068184,1487.648384346169,0,1
155,64.17824290986816,2.3618436868028976,5.504908544671317,1423.959858986097,0,1
156,77.12887255572377,2.3627858583825896,4.6559248274111384,1470.0460976269615,0,1
157,70.21916460455894,2.3651749825779995,6.126217902672154,1584.6597535607962,0,1
158,61.94348251398676,2.419616952153571,5.490882743495797,1351.9457434720357,0,1
159,71.23276804316914,2.3611279176152116,4.837584308245689,1566.2878561129046,0,1
160,63.126591648863396,2.285267598623953,3.7502971425632134,1583.7115067339864,0,1
161,71.98542301871225,2.3006282117519214,6.145471286295371,1439.8931473008922,0,1
162,73.89297789503702,2.4134493459568005,4.305213766618202,1239.2145100991406,0,1
163,64.04658840824145,2.321315045773247,4.177300626521554,1390.3178012905566,0,1
164,73.01688064622161,2.2974308434645674,5.51128521600482,1580.4994546561109,0,1
165,70.3139046346825,2.4712860455383794,6.219876203169637,1448.2131937701117,0,1
166,72.41030079997245,2.4090045565158293,5.692136409255259,1350.269776770509,0,1
167,77.83396491326974,2.7707985977165377,5.28195456002618,1399.4225078771783,0,1
168,67.17305941998565,1.9498060383213975,5.297377170832643,1533.6620026504552,0,1
169,64.68131917821255,2.7083013703844925,5.426707779390154,1503.973356820138,0,1
170,64.05242785187238,2.749217038499526,5.379464294893382,1425.1067900830305,0,1
171,64.47094857517281,2.0953219535183703,5.1405957119846875,1412.0175588185314,0,1
172,68.21449145292948,2.4514624811839303,5.052100551975938,1409.224185095618,0,1
173,70.35575987408322,2.455711826800842,4.968703436050239,1355.8589815501496,0,1
174,70.08345399665009,2.2584976610564356,4.623017705566662,1609.3375689469442,0,1
175,72.88591624518011,2.3944366624818247,4.859662461566613,1415.267953078866,0,1
176,68.86500945938954,2.3378848309068343,4.153521592902307,1568.9158520825497,0,1
177,76.11767038578658,2.920454088684725,4.950830186602625,1599.0316051922453,0,1
178,67.57671583381023,2.7671356786294923,4.5057044464245415,1546.431089814796,0,1
179,82.5508458329481,2.844311018998832,4.448205341392114,1403.1379687281951,0,1
180,72.12833673882503,2.744334412808647,5.089947075576739,1486.373009033661,0,1
181,64.76421221791858,2.384189645756554,5.6960011431723,1443.2804393609085,0,1
182,63.74553750969444,2.5150959467440455,5.459158303001156,1355.0298139269873,0,1
183,71.56236207621593,2.727874912245584,4.214749698188411,1477.5359281721603,0,1
184,68.08268607337075,2.395574438221611,4.5051859317148315,1326.8960208840197,0,1
185,72.82000247046045,2.7925996860344777,5.4703855939941075,1563.2679388461563,0,1
186,71.66618812286772,2.6119349203683733,4.508756303230845,1397.7382702701607,0,1
187,68.98585543671564,2.5950358384900807,4.887683425001487,1464.015965587284,0,1
188,65.16603140965798,2.8221919936406987,5.275026049512276,1471.9287871546142,0,1
189,61.87576387657068,2.778852662297208,4.515827772568183,1417.4095026295922,0,1
190,67.2674252396649,2.6278067668361844,5.05268775307298,1501.6693801475274,0,1
191,73.83199397161736,2.9418659606728497,4.332987252540898,1395.2096343377475,0,1
192,70.67046872065103,2.5037873344800206,4.699316178024393,1529.5297297457246,0,1
193,63.421306106440056,2.853187121388853,5.159890967071268,1307.502031975325,0,1
194,70.56590462925591,2.8586202515936767,4.2035031332341655,1454.4379579546412,0,1
195,71.67658689864419,2.688090712137202,5.220237368980199,1635.3928999058285,0,1
196,65.38071281899434,2.8252266044484236,4.99018110053666,1341.1668675394426,0,1
197,70.61862552972764,2.5197772847229394,5.276244977208574,1373.1255029475149,0,1
198,70.19104359223,2.96480540384138,5.111957067032331,1491.9907849658914,0,1
199,64.23514851084688,2.753019572711402,5.682070214986922,1458.2581781939598,0,1
200,71.78893680174141,2.695455395896192,5.062612251323953,1475.063009927356,0,1
201,72.85392263184117,3.019801845167378,4.785297229437374,1488.6187130147664,0,1
202,75.51525621587638,2.679131261891448,5.061148751516142,1502.872146856177,0,1
203,75.41901026017452,2.5483077407272883,5.271649014518194,1550.0699841956223,0,1
204,63.31165316021455,2.5286741652952194,5.024430035162852,1479.7818656928512,0,1
205,65.56087480042439,2.971201990269128,5.020295845601941,1414.3742345381459,0,1
206,72.8751763360433,2.6039141295007435,4.649004156096622,1505.4573701202733,0,1
207,72.91892975456105,3.220958836396873,4.668549541224526,1627.8881934895217,0,1
208,72.97523843153024,2.463614118423256,4.298697364100153,1424.3366253617426,0,1
209,89.71365745327361,3.2292912736580073,5.8747883715934694,1339.8470695329358,0,1
210,73.35445255346583,2.9422034934405237,4.378068382304358,1547.7080669286972,0,1
211,76.22782820090299,2.8906573776259217,4.653547401102046,1424.6618836046403,0,1
212,75.37000881746602,2.8110161826382103,4.640796367215401,1219.1330453985966,0,1
213,73.90695625652899,3.009827222870414,5.447462188472221,1520.842167715042,0,1
214,69.12365377679828,2.9324730595150306,4.852525160853986,1382.2671814046078,0,1
215,74.54484610246634,3.1706603764033043,5.623871036336867,1426.4466717695839,0,1
216,66.93587392731214,2.9828455297324084,4.663254687878066,1468.3980330569016,0,1
217,69.66590696629996,3.000060352292375,5.139497081111901,1453.9499679779067,0,1
218,68.47318226085449,2.907277557557229,4.582326473370121,1505.545181713904,0,1
219,71.3593706969316,2.9786108752557867,6.072574563886694,1390.7513629430157,0,1
220,82.57329283336755,3.061560353778412,4.406200790485244,1485.3105798176082,0,1
221,61.71367403704126,2.6679663214686746,5.154910355113514,1407.7453322416084,0,1
222,74.53130095187257,2.7503629155788576,5.316888440466049,1507.2810480887504,0,1
223,63.08642064405174,3.178652818804543,5.206899548725749,1494.6367484013053,0,1
224,68.84034067105283,3.0741730876255886,4.907356170561146,1339.2561297955403,0,1
225,76.69475298483682,3.0132033327294643,4.935089650133287,1541.0982116175032,0,1
226,71.62140009547731,3.063686786613079,5.021905735989555,1378.6036554885952,0,1
227,65.96127611035348,3.1395163410723343,4.926498999185756,1512.7057798281146,0,1
228,67.82348145370017,2.9720480639381277,5.481939558397455,1468.328731340134,0,1
229,74.84798874467337,2.9343390549195374,6.105261500795676,1615.1183676795122,0,1
230,67.84816684141433,3.1391690510195365,4.721254107496083,1408.6534017628148,0,1
231,72.63229294790987,2.9143254444769937,4.315098510210461,1395.7683203881802,0,1
232,71.82785919951907,3.2016505511428943,4.9558589758243725,1428.4580394112268,0,1
233,68.39199826197091,2.789483279152432,6.289854668827159,1399.7820217165724,0,1
234,82.41972044662663,3.3458311274651287,4.598162716015135,1509.794190194205,0,1
235,74.91959511159006,3.2445194964826087,5.819558402722034,1267.8689391563412,0,1
236,61.67428706671197,3.211205946862775,5.838850407038221,1323.8317580853648,0,1
237,72.78227157384714,3.366538196789103,4.723205879146002,1322.1197078420807,0,1
238,68.59106767615806,3.5130948888925153,5.284491539592637,1523.6307591973575,0,1
239,76.21216667398112,3.3928740130036266,5.814198311564269,1599.3613372581924,0,1
240,68.0373963078365,2.831825153733671,4.8104361295062565,1417.5550781462528,0,1
241,71.47631779266551,2.95408460665286,4.8982098199488195,1410.817827680999,0,1
242,74.62493639490228,3.095036284460864,4.709159543025678,1434.4052163113183,0,1
243,76.47877597085062,3.235218210042167,4.492621634653567,1543.287830260819,0,1
244,66.19851796472112,3.343531804093825,4.675361227466997,1334.0646865809426,0,1
245,70.57749382079525,3.1048512373693073,4.388029866618872,1450.3368982734785,0,1
246,69.92527344419521,3.2973533528954158,5.017041734129613,1523.7197629782431,0,1
247,69.08335383713144,3.1189234135293358,4.615013384470679,1476.0094169939846,0,1
248,81.22727120140549,3.1576964394016103,5.1168929558953735,1444.5581616598743,0,1
249,74.47490855480477,3.008667780630356,4.2220521768981865,1525.4046092567141,0,1
250,66.19558022832477,3.115353350777819,5.165440116107229,1154.6767707000763,0,1
251,77.13930973527388,3.0396630788767336,5.416764480804463,1492.4875319530909,0,1
252,83.21078098506317,3.1248253494045333,4.003132178714273,1358.9924316872577,0,1
253,77.81232630275574,3.540728359321568,5.187028284923786,1241.0367103143542,0,1
254,65.10315017022994,3.1501202222336113,5.613834496236646,1474.920259952498,0,1
255,70.32882963566874,3.8764764129674782,4.395179490654398,1560.8658545162957,0,1
256,79.13455574593311,3.458663580176178,5.836286193418852,1409.4551485372308,0,1
257,69.3116526719061,3.406967224738975,5.209509504683022,1518.187454720294,0,1
258,75.11909714073114,3.208328443963757,4.647494072120796,1583.8278257988645,0,1
259,76.82317026714668,3.5300619758817984,4.972115461171147,1553.7914453584046,0,1
260,68.36534764210958,3.2848724347524456,5.279163456260862,1585.9964529371393,0,1
261,72.752373219691,3.4344019629290723,5.038002695706206,1495.9127491071893,0,1
262,56.89366329965464,3.932016907653759,5.269377996223184,1428.9433638901594,0,1
263,68.02806179332855,3.4107880200550698,4.539663203460317,1260.903418810283,0,1
264,71.9371592430342,3.6698546652571356,5.084680412018039,1396.193751187005,0,1
265,67.01108409017576,3.3093647149748224,4.29314275154751,1336.175340468381,0,1
266,81.46205651965818,3.4530023019006078,4.94438696932565,1637.2942717497815,0,1
267,66.19929311019683,3.8241601271271017,4.5480461792676055,1402.3114187567664,0,1
268,71.19977756651508,3.3546065884424467,4.632235028705117,1431.9204806784485,0,1
269,74.10370288643045,3.852489711599386,5.618046587605218,1474.4485376040468,0,1
270,80.70636644533057,3.6415503870910952,5.545655060297134,1423.3602446372454,0,1
271,66.3706892441028,3.3975066448211466,5.304569060453589,1588.2051040430754,0,1
272,79.41581876077481,3.6464815478111046,4.45384361766371,1356.1350638265549,0,1
273,73.70116530509793,3.7245108899253463,4.841795775152599,1437.560745523724,0,1
274,68.79245674476024,3.6643619924434394,5.606548849989592,1343.5529414301952,0,1
275,76.06051737131635,3.2359550560219086,5.070858456819952,1285.4977488779293,0,1
276,74.79529847786735,3.4145725648350265,6.159664769990847,1356.0230909094714,0,1
277,70.84891561420602,3.520496272889699,5.196658919697186,1413.1963202951588,0,1
278,74.2490104249501,3.565113314179991,5.096024558245015,1373.669777548274,0,1
279,72.0234320156912,3.7141344195101356,4.845441767898749,1347.0579020126145,0,1
280,74.56758672625624,3.635540200186651,5.066770452391141,1275.3682536328165,0,1
281,77.36065337260523,3.34293112825798,4.923765081809728,1407.3894427371306,0,1
282,82.03008408072677,3.696039570201193,5.354054338344295,1264.9279625968998,0,1
283,67.96092250586575,3.752117149056765,5.478351158397292,1491.10559636896,0,1
284,84.86516687328134,3.751958089586208,4.6070052697460255,1423.0439752934503,0,1
285,64.48956100238749,3.8661561451109243,4.334383523221111,1268.744850053507,0,1
286,73.54107452482208,3.8267844309097807,4.081897313448351,1383.2790922950137,0,1
287,77.29158603242288,3.7618360158456876,5.253995663456272,1338.6843594409418,0,1
288,75.80495933867516,3.6659668577082707,4.448316696913063,1445.5174510419179,0,1
289,71.33650240089703,3.3578078132968017,3.9235547035237586,1547.3450446023144,0,1
290,73.45938874821363,3.785923643826517,5.194289302265482,1225.4827530354255,0,1
291,72.08499532670584,3.7515375374326223,6.2464997587163955,1424.2026079147417,0,1
292,71.65317621527895,3.7743157674390746,4.996964544230053,1396.3867204433361,0,1
293,78.89801048510513,3.4746502848359384,5.419245387225821,1479.2340076450464,0,1
294,76.48507742982524,3.5237886919183476,5.040914679273783,1433.119662823769,0,1
295,71.28545202369673,3.9606305706665808,4.950555173404429,1336.303066826118,0,1
296,79.29799937716625,3.752088969228669,5.459538241493885,1379.2946064333382,0,1
297,76.38649760438304,3.906300139474525,4.854862727905674,1331.2974143196511,0,1
298,78.96431059419481,3.7856636752260924,5.133696157035952,1518.2007138598597,0,1
299,78.09814420961806,3.7959512278991494,5.160848903098007,1412.4311648671942,0,1
300,70.85502494538963,3.9876567611951996,4.665954773178475,1600.1190685753008,0,1
301,72.24909479901515,3.7067910543565254,5.496021174768261,1403.633918618538,0,1
302,78.83646802561631,3.8392241553881967,4.912520121652296,1338.5593233089537,0,1
303,78.20185132716733,3.737544942258992,4.622127420253578,1257.728560738717,0,1
304,75.09549203017926,3.753100754513537,5.268254921785202,1228.4860323744053,0,1
305,75.83663691654391,3.788165575306272,4.550766009104481,1250.086405699451,0,1
306,81.68832447894212,3.904426754326743,5.014090578684564,1434.9126651011484,0,1
307,72.39214305582085,3.774250275667305,4.995440501677899,1458.7725023229934,0,1
308,78.13548690585019,4.131151225114705,5.542947782915789,1249.4809297967865,0,1
309,74.43903673783053,3.711078539556099,5.237349116439977,1496.8038314076116,0,1
310,74.4115939838639,3.8626256711677285,4.987486520627428,1358.693894831656,0,1
311,81.04388425993595,3.822053788345165,5.408883149600143,1421.379301198555,0,1
312,79.72708174494014,4.2093955768707465,5.695103774508657,1567.6220628255426,0,1
313,79.71754818000319,3.9693109553023147,5.2789051531759315,1495.783931586553,0,1
314,82.22739403577165,4.146368907893727,5.005176309921691,1378.9469352094168,0,1
315,75.8550192081638,3.6528879253926054,4.34408188382492,1316.3807774584714,0,1
316,79.20976485647482,4.0134100531738515,4.467443168462314,1190.0184598670696,0,1
317,74.29866621703272,4.147926159124688,4.847387647822666,1332.984668075758,0,1
318,77.52083176244221,3.996456797855085,4.695243898920358,1383.4869761172304,0,1
319,75.29928472816158,4.20309607501307,4.906514348507277,1305.5820472848816,0,1
320,76.48497982496359,3.896542309979926,5.028324962448553,1390.8743032907696,0,1
321,79.02578512718456,4.291869488037116,5.264846377178365,1411.3851882958768,0,1
322,72.00889658383264,4.47977962472385,4.964750610970454,1380.9144018191923,0,1
323,86.6119363784273,3.9574322879120682,5.243250821913101,1338.099741917654,0,1
324,71.16991309250149,3.9508994957198458,5.0322372074050605,1419.6654671966728,0,1
325,70.17905693606134,4.34067689542354,4.012266716823064,1446.694064956941,0,1
326,82.09055436750033,4.3759144291461425,4.530332303090622,1293.1600922557154,0,1
327,80.30831346981468,3.9654279945693465,4.927956222139192,1542.9932379746272,0,1
328,79.52059908526078,3.995962636580829,4.395152628579446,1391.7411867715737,0,1
329,79.5917275463214,4.0336430782278985,5.299964364998102,1403.1849622944846,0,1
330,76.43876613576543,3.831109897793145,5.765375416171849,1471.8214423256557,0,1
331,72.06372814257084,3.9262696107031605,5.609380925848658,1424.0216131263503,0,1
332,76.97902279096863,3.919171846649587,4.893278564534896,1495.7136633913246,0,1
333,73.26419144243944,3.9764404869791745,5.745363068424976,1428.8124165201823,0,1
334,81.57559866708876,4.133063022522643,5.074333728601056,1338.5562625359562,0,1
335,76.0147130924893,4.196842946507305,4.83145701444098,1435.65035252061,0,1
336,72.67251401603744,4.470100098562815,4.69329866822953,1284.8273792679338,0,1
337,75.24307079173504,3.970329191852242,4.848765156755936,1409.7559705776523,0,1
338,78.96465727137813,4.376864479695317,4.8059115907293855,1395.2770009355538,0,1
339,74.13137723598012,4.147202231154898,5.085208111187744,1377.488314272746,0,1
340,72.88889802216784,4.190107258069514,5.080286990524932,1385.146248856107,0,1
341,78.26843605745957,4.3449638984333205,5.001523010076707,1209.5150954502362,0,1
342,78.3248328555436,3.9954555956875404,5.218469084873175,1342.527509225904,0,1
343,74.61528412314435,4.30648194923681,5.595323137393171,1406.3844901141115,0,1
344,74.84480847190838,4.273290441642612,5.4747770677206615,1412.78563919974,0,1
345,78.41024968678818,4.34849025280163,4.257551015775048,1293.7324859074042,0,1
346,70.05957829251338,4.317833728781563,3.7230394325490224,1522.77078408647,0,1
347,70.31268112811722,4.761060027982179,5.467159955619637,1309.28251517855,0,1
348,73.80777889373782,4.152452003149737,4.316560650792289,1492.5457200526737,0,1
349,76.38276424144077,4.183800608999636,4.887617299053658,1438.0194361871684,0,1
350,79.05453782799003,4.175371894715047,4.41494348697032,1330.3772690156197,0,1
351,84.92678108474776,4.1989045761679495,4.09900978120999,1572.2310892609512,0,1
352,81.8882981160101,4.192522574538696,5.270731364102394,1275.036316824352,0,1
353,76.85030735018287,4.567803306221511,5.379577580151324,1486.0154173610001,0,1
354,77.60491896048656,4.624100849597971,4.71174479963664,1493.8582318042977,0,1
355,72.73735317681096,4.235850741250105,3.704478853927545,1326.4379790923356,0,1
356,77.70743432003805,4.193528885379155,4.726877775873759,1532.446530006433,0,1
357,76.40670680539931,4.464283111277281,5.195902002701273,1367.8953485401048,0,1
358,79.51359280169045,4.269555391143806,4.260544215612936,1421.4693629279857,0,1
359,73.81384528223839,4.516586363551102,5.091679959889578,1418.3321838771221,0,1
360,80.59673257120586,4.44058460417026,4.992345075413502,1378.5691258529453,0,1
361,85.71369456501289,4.106851177000554,5.2896457498005445,1472.7808273159783,0,1
362,77.55619925771572,4.729501040266013,5.059790184207077,1470.7488720552215,0,1
363,80.15855861049471,4.789175534619105,4.513465529559222,1216.246802676182,0,1
364,81.65071995855556,4.317442261903123,5.598285750832246,1521.2340242878151,0,1
365,76.24389764057082,4.372459688012803,4.920735213486515,1224.2508011964326,0,1
366,79.42046240905208,4.517173078144981,4.986347730245034,1493.4546204341657,0,1
367,78.41296200390897,4.536891357997405,4.533366020463402,1502.5705136827585,0,1
368,78.88838049274416,4.611708854534566,4.778358874404245,1280.50335697848,0,1
369,74.58495108072266,4.89204090775327,4.55759864298655,1348.2185712045414,0,1
370,78.62255087129472,4.46461055450119,4.913526970038289,1278.4295331514065,0,1
371,81.03999145622726,4.350340551092309,5.855854240071172,1367.2078969711265,0,1
372,85.8557180389752,4.244136154397095,4.314049428534322,1357.596571581426,0,1
373,83.44635413042604,4.383813992011616,4.19321930106163,1466.066053226934,0,1
374,89.46591228755779,4.533374605425241,5.735585163746804,1518.8308746119608,0,1
375,74.91326218555974,4.908911572703557,4.895338161424067,1527.0683810789956,0,1
376,83.16160318360339,4.456477740192766,4.665463630670041,1330.98319734217,0,1
377,79.76671002869176,4.6147575903277795,5.519952343698038,1365.9778126255474,0,1
378,89.84901466608837,4.57671542078545,4.697192230131568,1218.2561807779048,0,1
379,74.90850857322424,4.827678654689617,5.913004856773468,1305.712993350381,0,1
380,74.80139078909612,5.105386485174725,5.338962935669635,1482.4851633097458,0,1
381,76.05303677277989,4.503826245415936,4.756044295927149,1547.2582823548232,0,1
382,68.48052137845096,4.522112111496356,6.078654106632752,1261.9651128120079,0,1
383,76.52122489159619,4.838832175413815,4.697142538498331,1325.8535740847105,0,1
384,75.40433669223151,4.7763782979252625,5.371047686004654,1382.1594243041072,0,1
385,80.00196893238103,5.019341465147207,5.149646290203246,1412.5161158819608,0,1
386,81.0087798788858,4.776785637065193,5.650870644699399,1303.2396480078355,0,1
387,88.73085419607943,4.598141581842588,5.7807555983634265,1426.306104446409,0,1
388,84.15211919093025,4.798130966138462,5.016002074532883,1336.2160652929083,0,1
389,76.56548172168799,4.911740716116582,4.623291064826908,1381.854772912172,0,1
390,75.0079266432582,4.864096436239473,5.2299860714695585,1437.6284248003699,0,1
391,82.00959585753253,4.81145480622146,4.661142315123947,1383.3422269810937,0,1
392,72.99883396489679,4.933334937917831,6.0066936237633115,1338.7614109473432,0,1
393,88.80729382927177,4.963859118089134,5.068267665541368,1371.139019607417,0,1
394,85.59720060360644,5.016431798207505,4.817339224343946,1372.9637040794664,0,1
395,77.40412173947647,4.879741977517929,5.092340152932454,1344.4988970117872,0,1
396,71.23432735454561,4.726576383936629,4.326436855235151,1355.3203937332898,0,1
397,86.61936187082708,4.799342737286665,4.514192980744674,1540.7647170504717,0,1
398,79.32730077373691,5.021301793301672,5.600206953972212,1436.6919447941239,0,1
399,86.13908155986731,4.626612865802553,4.671552860514302,1350.751968197084,0,1
400,72.02786170602816,4.873734661774581,4.47654450865903,1449.6954404510736,0,1
401,77.05312488523114,4.731332237534527,5.268326376263643,1346.318051024399,0,1
402,80.12621849859092,4.825748964586964,5.592852077331498,1496.7124637586642,0,1
403,80.38490296882371,5.08569037252146,5.359476655332533,1416.0642192198093,0,1
404,77.94967264260379,4.87821981360398,5.498023842902908,1368.069785599577,0,1
405,83.36424966173749,4.859287309631229,4.621602455715269,1423.2716925810278,0,1
406,74.96189785308702,4.588028771804017,4.289094666629078,1221.11238479315,0,1
407,79.63810257489354,5.0192507132054445,5.750666825977744,1265.2232531090197,0,1
408,81.0014781585595,5.009096836228215,4.838660080578932,1258.2074993600943,0,1
409,83.02219417029374,5.322650944661092,4.874583491772476,1391.5943094763707,0,1
410,84.05807439044445,4.8384443530093995,5.664097070924529,1550.2514999485093,0,1
411,74.92678954081066,4.953830065532788,5.27811500470033,1599.8300146192632,0,1
412,72.9294291463219,4.969876736742151,5.227943886040804,1440.205110144076,0,1
413,87.03838410949255,5.245490655952695,6.082501172450542,1426.1844474944455,0,1
414,82.36157005989796,4.9209408935226095,4.678240884809928,1195.694226584726,0,1
415,77.00756731721722,5.005804305154069,5.463920064040619,1321.232620026598,0,1
416,88.55575987761262,5.081579301943308,5.028506562448542,1296.4216248091761,0,1
417,81.4283731714643,5.007321824631272,5.134296139431629,1312.8152401748885,0,1
418,86.79648592031914,4.890713277089894,5.764234213206266,1357.785618141521,0,1
419,81.28759240705054,5.028817998579662,5.2539178781448115,1327.0909422302873,0,1
420,91.30373962440993,5.214726349971954,5.269148039524817,1176.0700189624213,0,1
421,89.82670421221601,4.804696940117788,5.536253668654901,1448.4910256117535,0,1
422,79.85517925760463,5.046593934829375,4.817523635228557,1266.1256974260195,0,1
423,86.00785475477178,4.889975837012166,4.580395166330497,1397.0246864111148,0,1
424,84.42687974792574,5.279009325784969,4.4775954029894836,1580.2082669749973,0,1
425,88.09315778766174,4.745362619043245,4.016821705311999,1280.5615408413578,0,1
426,76.47538269709948,4.948215630545683,6.028103564970161,1119.171247725367,0,1
427,84.7802572999922,5.145442375012904,4.448395817139159,1343.299577811989,0,1
428,86.69212243424795,5.3931048058468685,4.889373188207114,1481.695963499857,0,1
429,72.65630256788444,5.076849947785402,4.861593350055539,1567.1347454220593,0,1
430,75.58370743667112,4.98896009466136,5.153703348904551,1248.0450405547583,0,1
431,71.35383911119949,5.4862314138881185,5.407868606269648,1420.3699223236522,0,1
432,80.25296582777722,4.830397219916751,5.430236744179872,1323.8689543219948,0,1
433,85.23771127897982,4.690238808675984,4.708461280715531,1359.5051645695864,0,1
434,89.21178526048014,5.228002890010666,4.916439143106794,1634.2343347017033,0,1
435,82.12047390209887,5.049589155129478,5.14128997524415,1219.2029671604846,0,1
436,89.94307772785646,4.955753436573858,4.875654436908227,1394.5739661494574,0,1
437,74.94949270892555,5.311671289459871,5.8036727880099965,1415.6693171765435,0,1
438,73.38308780322423,5.22876014275424,5.245487475819125,1477.1786324939346,0,1
439,81.6722615055169,5.077184273852654,5.367438893024909,1378.0983153470895,0,1
440,83.92032724469654,4.943939120265822,5.331440634333706,1398.8050539504102,0,1
441,81.88652625952953,5.384491465656029,5.5867369287426625,1328.535143257821,0,1
442,71.76278949980062,5.350040235591732,5.090510779351853,1394.312694124511,0,1
443,81.70439980243606,5.210164827244123,4.351584026022077,1332.7807724502588,0,1
444,75.67765249747573,5.609327399209533,5.199843975876321,1428.957188985605,0,1
445,85.5983627441502,5.03598304673477,4.674321553104085,1329.5389663956366,0,1
446,84.13299123048424,4.954894965815052,4.735691659125122,1403.9100393902188,0,1
447,77.65060106836322,5.131618386023751,5.293182009377547,1362.9737186315022,0,1
448,79.83066541331654,5.270882796728901,5.6191415357168175,1478.2050250772168,0,1
449,77.15393239055524,5.3386678898645386,5.010635788368031,1360.1606276411512,0,1
450,82.18660451363414,5.251752788428734,5.154416506299482,1187.6967531793118,0,1
451,87.32571160250619,5.380411079302859,5.851107472317619,1490.8921500713993,0,1
452,77.67136976832228,5.069692115161912,5.120376589744284,1273.8267699137382,0,1
453,85.17023257758922,5.618752920814652,6.300841557090197,1298.7233661351179,0,1
454,80.04871190813779,5.323569764321486,5.282754822815772,1304.2338705956508,0,1
455,78.78563583868828,5.573459166317625,4.1196186204220915,1500.9438093170818,0,1
456,82.2648482002272,5.4285450692755415,5.376670810552266,1149.6325786021305,0,1
457,77.67378838790313,5.461350643830757,5.190579192441389,1676.6748533659995,0,1
458,80.1317534732641,5.493953456046441,5.644876377041372,1468.205680906605,0,1
459,76.96061053705576,5.479541712003463,5.336590675634979,1384.623891412916,0,1
460,92.82362566458195,5.52854455197351,4.930772008008113,1356.5105999383713,0,1
461,83.22631775985865,5.675830506026487,4.387850881855317,1390.2554074857658,0,1
462,79.60137246003708,5.459304233940294,4.895488371356987,1413.5122428379339,0,1
463,84.21989955367111,5.571800751517703,4.57473977289535,1425.6215585950056,0,1
464,82.63835975154586,5.4220528611425545,4.709738275097639,1416.3604466003449,0,1
465,82.14515200233389,5.7380234430898955,5.2942892022103045,1369.458068125525,0,1
466,86.37083350021713,5.324721539588146,5.834952252175703,1340.4661579692674,0,1
467,87.13753855023653,5.830188086582163,5.19733576491149,1344.772671634649,0,1
468,80.74749426194737,5.471968409871131,4.402058468982408,1340.1091719647318,0,1
469,80.57090879677659,5.203844979576391,5.22230133411007,1472.6770096867065,0,1
470,82.12474151424178,5.5256208829821585,5.598315743322826,1418.3556722280862,0,1
471,72.04039417632208,5.373789668505024,4.6951085478403085,1064.661136533572,0,1
472,76.02404468900724,5.688128709797745,4.932991416663541,1423.9900776529762,0,1
473,90.48437133722263,5.399475204139522,5.007344097364599,1377.5736194718775,0,1
474,91.92483856750643,5.450763313357045,4.60755084345888,1355.9291243554103,0,1
475,82.50481980221811,5.172091853810894,5.324140216921929,1318.6481546911114,0,1
476,86.68278481527884,5.469538736150184,4.939525925696109,1469.6112719986013,0,1
477,85.40625077271768,5.085224134674209,5.2097662219535135,1451.6526462122858,0,1
478,99.2944040422762,5.263219435302855,4.55625391109895,1279.312233217639,0,1
479,89.54787455717289,5.742082931228859,4.781270849838295,1397.0052287124536,0,1
480,83.36041204259617,5.757160031730166,5.361190678913886,1258.8343265458714,0,1
481,79.27229779699788,5.695091512356994,4.813583423954117,1217.738183521107,0,1
482,76.06776839871213,5.426604771374158,5.863481925616703,1292.7282775410035,0,1
483,85.16731817933612,5.620457728771604,4.800181907192699,1441.3393472382759,0,1
484,80.41824627357849,5.6392794921818865,5.112342362875943,1450.1125045376086,0,1
485,77.13873145201163,5.418327062161492,5.466295415936545,1405.8085420097293,0,1
486,81.06713557878737,5.96067966035343,4.290817133533484,1426.7095786847997,0,1
487,78.94225998192803,5.845472458115134,4.119595594009612,1405.517828711496,0,1
488,92.83570817536283,5.635807165234067,4.237171842714953,1289.4518404777048,0,1
489,88.85819878474726,5.695377167798906,5.631292051713591,1396.492254467394,0,1
490,84.46013679341692,5.741676561589511,4.724070927053777,1433.0409525227683,0,1
491,91.94972069445012,5.301653026315142,6.279099642834126,1428.1291329813575,0,1
492,84.9868415382381,5.67056452349588,4.717876200671306,1471.2913371474644,0,1
493,80.34357899335869,5.59360315040044,5.092275651598518,1422.9303847201063,0,1
494,92.31562038634829,5.539675998021018,5.771054976283938,1386.9448207541582,0,1
495,87.4445502184233,5.693779941422809,6.003046444079562,1458.5150238316428,0,1
496,79.61376922836772,6.119537305369905,6.030751788318199,1348.5478740750941,0,1
497,83.89830660958197,5.898168572253402,5.604183115296571,1262.7125348772283,0,1
498,80.52190873307622,5.665764202043441,5.512031262905731,1334.2933036056236,0,1
499,78.03600134517832,5.904516556271232,5.296263474600591,1275.809735519355,0,1
